customer_id,full_name,email,phone_number,location_id,created_at
1,Kimberly Pratt,kimberly47@west.com,001-213-568-9987x53381,11,2025-05-04 02:10:28
2,Cheryl Williams,greentroy@maldonado-thomas.com,(394)545-9712,2,2024-07-15 22:42:13
3,Rachel Fields,uberger@doyle.com,+1-764-148-8713,1,2024-09-08 14:02:46
4,Benjamin Coleman,nicole24@hicks.info,+1-782-327-6825x02133,12,2025-04-17 21:31:55
5,Lawrence Mcdonald,duane48@nash-park.com,+1-656-768-6502x319,5,2024-11-01 02:14:22
6,Allen Kaufman,pdudley@allison.com,201-219-7322x577,4,2025-02-18 01:21:35
7,Lori Mckinney,jeremythomas@murray.com,798.163.1633x25979,4,2025-05-18 02:58:41
8,Ashley Collier,kathleen41@yahoo.com,001-161-678-3651x0321,3,2024-10-17 23:19:02
9,Paul Rogers,pbarnes@khan.net,+1-110-248-6829x4974,12,2025-01-02 10:49:51
10,Dylan Mason DDS,xmoore@kim-preston.com,957-144-9695x71205,2,2024-07-28 09:20:07
11,Heather Jackson,ljones@smith.com,473.241.2929x04822,11,2025-04-14 16:15:17
12,Mark Hill,bryantrhonda@gmail.com,215.916.0455x130,12,2024-08-09 03:21:34
13,Janet Fisher,bullockhannah@gmail.com,001-831-975-6924x29930,15,2024-07-20 18:03:51
14,Cody Gonzalez,smckee@hotmail.com,8444348320,9,2025-05-02 06:58:59
15,Lance Garcia,richardhays@roberts.com,242-349-7097x49024,2,2025-05-16 01:32:26
16,Anthony Burgess DDS,anthony07@middleton.biz,+1-140-421-6466x5304,10,2024-11-02 04:10:45
17,Mr. Kenneth Farmer,sara78@hotmail.com,576-531-8758,7,2025-01-04 15:05:43
18,William Brown,duane68@schultz.com,(154)397-1872x3855,1,2024-10-13 14:38:03
19,Derek Lam,joy47@yahoo.com,701.305.3561,1,2024-10-28 18:12:51
20,Jessica Roberts,virginiaclark@yahoo.com,964.855.4081x7606,2,2024-09-07 21:21:04
21,Samuel Brown,ukennedy@gmail.com,782-905-7512,4,2025-01-28 07:15:07
22,Jason Johnson,sandrawilson@myers.com,001-963-462-5061x79576,4,2024-06-24 09:09:51
23,Patricia Gutierrez,amy55@hotmail.com,001-693-906-9150x107,9,2025-03-14 17:54:54
24,Kayla Campbell,shahjoshua@gmail.com,206.564.0962x717,10,2024-10-16 01:34:48
25,Alexander Smith,catherine39@steele.com,001-704-734-9638x0374,1,2025-02-27 19:18:19
26,Cory Moreno,robertsshawn@gmail.com,474-255-8755x400,9,2025-02-23 14:33:36
27,Jimmy Cunningham,robertbradley@hartman-anderson.com,529.618.0128x5672,4,2025-06-01 04:21:05
28,Mallory Williams,medinamichelle@yahoo.com,349.461.8637,12,2024-06-16 20:01:51
29,John Ellison,jeremiahowen@knight-boone.info,+1-944-042-1559,11,2024-07-13 03:39:45
30,Michael Ramos,jameshorton@hotmail.com,001-111-841-2764x71626,12,2025-04-04 08:26:17
31,Tanya Martinez,shawnandersen@yahoo.com,001-803-583-1066x1605,9,2024-08-01 01:47:54
32,Kathleen Dunn,amartin@yahoo.com,245-881-0616,7,2024-07-13 21:50:40
33,Jeffrey Taylor,reiddenise@harrison-johnson.biz,+1-245-427-0918x263,4,2024-10-23 02:03:52
34,Phyllis White,brownderek@perez.com,(768)295-9908,8,2025-05-17 18:08:39
35,Mary Smith,msanchez@hotmail.com,+1-699-675-2528x2263,10,2025-04-18 11:43:12
36,Ryan Vance,johnbraun@hotmail.com,5201660697,5,2024-07-16 00:18:14
37,Roger Christian,dgreen@hotmail.com,987.058.8271,13,2024-09-27 18:59:22
38,Maria Lewis,jessicavillanueva@gmail.com,(355)005-1638,14,2025-02-04 21:29:41
39,Cheryl Roth,fsilva@yahoo.com,555-095-8545,1,2025-05-10 22:35:31
40,Kimberly Haynes,mariaerickson@short-bennett.com,+1-572-564-7130x5851,13,2024-11-19 05:12:08
41,Shelia Fisher,scottmitchell@hotmail.com,001-947-960-9370x12898,13,2024-09-01 09:02:07
42,Steven Moody,careyangela@brown-jones.biz,001-496-208-6729x941,3,2024-10-08 08:43:19
43,Steven Buchanan,brownvictoria@martinez.net,593.831.8786,12,2024-12-24 07:56:35
44,Tyler Malone,crobertson@hotmail.com,+1-464-021-1088x42587,7,2024-06-08 03:27:33
45,Marc Cooper,hartmanchristopher@parker-mathews.com,170-686-4414,6,2025-04-22 16:32:25
46,Kelly Morton,christopherdavis@becker.com,001-305-607-1805x4041,5,2024-10-03 11:14:37
47,Jane Martin,hlucas@hotmail.com,+1-930-411-7759x23253,3,2024-08-12 17:18:45
48,Tiffany Leonard,alexanderbianca@gmail.com,385-167-1328x60070,4,2025-04-23 15:13:02
49,Justin Fernandez,reynoldsjason@gmail.com,001-292-354-3494x035,13,2024-08-08 22:52:19
50,Jasmine Patel,bakerzachary@johnson.info,423-743-6288x4819,6,2024-06-22 03:38:53
51,Dylan Russell,ellen67@baker.net,0959098032,2,2024-08-15 12:32:10
52,Stacy Carr,kmcbride@little-hancock.com,856-911-5289,2,2025-04-19 23:26:31
53,Elizabeth Conrad,pguerra@wood.biz,815.640.6294,7,2024-12-19 22:08:32
54,Rebecca Murray,lewismakayla@gmail.com,(016)382-7706,2,2024-12-22 14:59:21
55,Natalie Leon,derek30@shepherd-mcmillan.net,+1-923-249-7831x0266,6,2024-10-10 05:41:18
56,Ann Thomas,gabriela04@walters.info,(472)411-8485,14,2025-05-31 06:56:27
57,Joshua Beard,ybryan@gmail.com,001-837-846-4385,6,2025-02-24 02:08:03
58,Barbara Turner,angela41@gmail.com,084.281.2954x683,10,2024-11-28 03:53:04
59,Tara Shelton,vharper@montgomery-potter.com,001-033-877-7804x6668,5,2024-08-19 15:21:37
60,Beth Cooper,mikesmith@moore.com,+1-790-237-2013,13,2024-12-09 05:18:53
61,Victoria Cervantes,elizabeth21@moore.info,+1-907-239-1501x92460,1,2024-12-20 19:25:19
62,Devin Rivera,linda10@gmail.com,050.452.3839x2743,12,2024-09-04 02:24:13
63,Daniel Franco,ericnelson@harper.com,276.803.5125x37778,8,2025-01-23 09:42:48
64,Linda Salazar,phillipgonzalez@gmail.com,505.852.7558x821,9,2024-10-12 06:50:24
65,Donna Bowen DVM,carterwilliam@gmail.com,001-371-017-6166x694,2,2025-03-23 23:10:03
66,Steven Ruiz,melissapacheco@hotmail.com,134.105.4721x29212,15,2025-03-04 11:56:25
67,Carlos Carter,dana42@gmail.com,001-416-054-5600x422,7,2024-09-18 17:40:24
68,Angela Mitchell,melissa70@hotmail.com,1485476537,2,2024-06-09 10:27:50
69,Tamara Ortiz,fishercynthia@edwards-zimmerman.com,(186)204-7905,9,2025-05-30 22:40:19
70,Gail Shelton,michael88@evans.com,001-302-955-6295x92747,5,2025-03-24 11:03:52
71,Teresa Jones,audreysimon@quinn-wagner.org,+1-751-109-3680x397,14,2025-05-07 23:23:15
72,Brian Smith,uprice@harris-rodriguez.com,883.405.4668x815,11,2024-12-31 03:45:46
73,Natasha Bryan,john78@boyle.com,528.699.1369x48055,10,2025-01-03 16:57:59
74,George Murphy,dberg@russell.org,+1-449-837-3047,15,2024-11-02 02:46:35
75,Erica Wells,nescobar@yahoo.com,+1-994-712-6651x7217,14,2024-10-22 17:44:21
76,Jody Holt,jennifer71@hart-clark.org,(693)733-6858,6,2024-11-06 00:07:37
77,Laura Johnson,ryandavis@cook.org,329-699-9404,10,2025-03-07 21:10:46
78,Troy Lawrence,lopezalbert@cook.com,001-183-363-6353x24376,4,2025-02-19 06:13:39
79,Robert Mcknight,todd54@yahoo.com,+1-684-571-7255x446,12,2024-06-18 07:53:30
80,Timothy Rojas,andrew34@sanchez.org,1141858445,2,2024-07-12 15:01:57
81,Xavier Fox,mlynch@thomas.biz,(251)715-8256,1,2024-10-26 05:04:45
82,Emily Neal,laurie83@yahoo.com,+1-793-767-1245x549,11,2025-01-01 16:14:52
83,Willie Pope,rebecca61@yahoo.com,435.614.6213x1426,4,2025-01-06 22:41:38
84,Sherri Smith,rodriguezchristopher@norman.org,465.510.2279,13,2025-01-28 11:03:32
85,Daniel Rocha,ehall@yahoo.com,321.683.1859x74182,5,2024-07-30 07:04:36
86,Susan Wells,mwilliams@hotmail.com,+1-688-558-0245,2,2024-06-12 05:14:44
87,Kathleen Rivers,rogersanchez@gmail.com,987-737-7156x4763,14,2024-10-28 07:46:02
88,Caroline Dillon,daisy95@gmail.com,9246263917,4,2024-10-15 09:06:05
89,Teresa Zuniga,pharris@hill.net,(226)414-8246x065,14,2024-10-22 01:58:52
90,Shannon Boyle,russoadrian@martinez-olson.com,+1-496-325-5648x45799,2,2024-09-23 16:48:36
91,Valerie Smith,johnsonkayla@hotmail.com,470.454.3931x44670,7,2024-08-07 12:01:05
92,Melanie Mccoy,andreahumphrey@steele.biz,(869)779-4994x6619,5,2025-03-01 10:00:35
93,Stephanie Rivera,chad64@gmail.com,001-180-678-3209x624,8,2024-09-15 13:27:44
94,Jill Scott,conleyjacqueline@yahoo.com,+1-047-329-8457x722,11,2025-01-08 05:04:55
95,Michael Roberts,codysmith@hotmail.com,+1-332-268-1568x7653,14,2025-05-14 08:39:28
96,Jeremy Weaver,richkimberly@hodge-elliott.biz,(373)927-5849x785,6,2024-09-08 12:28:29
97,Angela Lewis,rwatkins@hotmail.com,090-232-2640,3,2025-05-15 16:42:13
98,David Miller,evelynnelson@foster.org,446.591.0780,6,2024-06-20 19:26:30
99,Nicole Rodgers,destiny97@golden.com,1515985103,6,2025-04-01 04:20:02
100,Elizabeth Cisneros PhD,zlee@hotmail.com,+1-548-289-7155x855,4,2025-04-27 09:58:17
101,Brenda Powell,umartin@gmail.com,+1-629-672-6027x7312,11,2025-05-24 06:21:44
102,Kathleen Johnson,sarah72@ortega.com,+1-805-111-4879x5788,5,2024-09-12 13:02:44
103,Joseph Werner,valdezjerry@hotmail.com,+1-120-123-5185x770,12,2024-09-15 07:00:27
104,James Bennett,john54@hotmail.com,+1-832-029-8489,15,2025-05-13 22:13:36
105,Laura Anderson,smithamy@martin.com,194.727.0941,11,2025-02-11 07:25:00
106,Debbie Howard,carriecoleman@gmail.com,244-432-2454,11,2024-09-27 22:37:15
107,Ryan Kidd,elizabeth92@gmail.com,001-774-403-6707x194,2,2025-05-02 14:43:17
108,Michelle Sutton,jclark@yahoo.com,(486)014-6869x018,10,2024-10-11 19:04:22
109,Melinda Rodriguez,mcgeekatherine@hotmail.com,758.992.4245,11,2024-06-08 02:59:12
110,Christopher Hernandez,nathanieldouglas@hotmail.com,3752989173,3,2025-04-29 01:36:31
111,Stephanie Watson,qlewis@gmail.com,(393)310-7922,9,2024-07-22 11:29:02
112,Christine Sullivan,victoria26@blankenship-montes.com,+1-912-573-2306x375,12,2025-01-18 18:52:26
113,Jennifer Bradford,thill@hotmail.com,+1-113-908-7335x342,4,2024-08-22 06:09:57
114,Ms. Frances Ramirez,hernandezjessica@gmail.com,+1-610-060-3065,3,2025-01-11 02:13:24
115,Yvette West,ugarcia@yahoo.com,+1-227-941-7169x1544,8,2024-12-05 02:49:14
116,Mr. Melvin Perkins Jr.,andrewgriffith@yahoo.com,167-995-3272x51755,7,2024-06-24 15:14:59
117,Kayla Noble,daniel51@hotmail.com,5848385300,5,2024-11-12 06:40:22
118,Amanda Alexander,kcooley@booth.biz,683-248-6360,15,2025-05-05 00:22:58
119,Crystal Swanson,ghall@henry-williams.com,451-523-8016x6806,11,2025-02-01 01:55:27
120,Mark Mcclain,deanjames@yahoo.com,(849)677-9039,12,2024-12-08 22:33:43
121,Christina Clark,chad53@smith.com,(765)379-3157,9,2024-06-25 20:45:22
122,Ryan Ramirez,jonesscott@yahoo.com,+1-062-695-0884x85310,4,2024-10-15 21:23:31
123,Mr. Scott Walker II,jenkinsterry@yahoo.com,(396)207-4677x694,11,2024-06-09 03:46:11
124,Dr. Nicholas Kane,wilsonmark@jennings.com,(119)154-1479,6,2024-07-06 09:02:36
125,Douglas Rogers,lwilson@gmail.com,9310377464,14,2024-11-08 16:38:54
126,Ian Hall,patrickcox@yahoo.com,(396)565-3278x06115,13,2024-06-26 03:29:03
127,Robin Cortez,rodriguezdavid@gmail.com,277-263-4576x10509,13,2024-07-19 22:21:47
128,Ronnie Morgan,brianhunt@gmail.com,(250)905-1687x55725,1,2024-12-11 09:51:36
129,Tiffany Rowe,boydmary@hotmail.com,120.584.5084,4,2025-05-30 08:55:39
130,Brent Nichols,melissaschneider@hotmail.com,(875)056-2916x3762,14,2025-05-05 12:23:56
131,Thomas Savage,avillarreal@hotmail.com,887.306.7093x77378,1,2025-06-04 17:15:17
132,Mary Morris,stevenjackson@meyers.com,001-375-118-6728x414,13,2024-06-30 23:27:34
133,Maureen Ramirez,jimmysmith@burke-williamson.com,001-541-093-8243,6,2024-12-30 04:47:25
134,Dr. Erica Peters,andrewsalexander@miller-evans.biz,+1-355-428-5591x92639,7,2024-11-19 08:22:39
135,Stephen Schneider,sarahblankenship@hotmail.com,(874)090-2452,5,2024-07-05 17:55:40
136,Cynthia Ruiz,john22@yahoo.com,(698)908-3479,2,2024-10-29 16:42:35
137,Natalie Harrison,garnerantonio@yahoo.com,(014)792-8140x897,4,2025-03-01 23:49:20
138,John Smith MD,haroldwhite@yahoo.com,(855)742-2132x04666,15,2025-05-29 17:40:12
139,Michael Cole,andrewlopez@lee-williams.com,433.216.7638,10,2024-07-13 22:13:38
140,Anna Baker,steve76@edwards.com,001-288-993-8116,15,2024-08-09 23:59:48
141,Robert Moore,sabrinarivera@wilson-miles.com,4936233185,12,2024-11-15 15:30:54
142,Matthew Ferguson,carterchristine@yahoo.com,002-651-1792,6,2024-08-13 14:50:44
143,Kathy Williams,laceylewis@frye.com,9005343158,4,2024-12-13 19:38:35
144,Rebecca Miller,alvarezchristopher@cook.com,(925)094-7061x84898,11,2025-05-07 22:51:36
145,Michael Adams,cporter@hotmail.com,8984752776,8,2024-09-20 04:16:25
146,Jim Branch,vazquezjose@hotmail.com,+1-167-548-8782x546,7,2024-10-07 10:04:25
147,Sherry Burns,alexander33@johnson-hernandez.com,001-327-271-4333x0807,15,2025-01-16 00:15:15
148,Cassidy Camacho,hmathis@hotmail.com,+1-771-683-7986x7297,15,2024-10-13 05:55:00
149,Cameron Lee,hbrown@thomas.org,001-441-683-3629x701,11,2024-09-03 10:52:56
150,Michael Park,christopherrodriguez@neal.com,(939)249-9438x646,8,2025-04-25 23:41:56
151,Michael Clark,jeffrey01@perez.com,390-216-5418,3,2024-07-17 19:07:46
152,Jonathan Miller,jacobhall@escobar.com,722.529.7500x6518,5,2024-11-14 01:43:15
153,Elizabeth Marquez,russokevin@yahoo.com,961-339-0609,3,2025-04-13 20:46:33
154,Michele James,jennifer13@holt.com,9712188328,4,2024-11-09 21:42:54
155,Tracy Holden,rodriguezpaul@allen.net,288-531-4187,12,2024-11-24 09:11:51
156,Jason Blanchard,mmitchell@yahoo.com,(761)561-4729,9,2025-06-03 03:18:47
157,David Morales,nbarron@ross.com,253-551-4386x30976,9,2024-10-12 13:10:29
158,Regina Watts,benjaminjones@gonzalez-miller.info,001-790-366-9572x52225,5,2025-01-21 15:37:09
159,James Duncan,cheryl41@rivas.com,001-796-219-0121,12,2024-08-17 13:13:42
160,Antonio Davis,nancyjordan@moran.com,001-378-620-5927x50402,10,2024-07-21 20:08:20
161,Samuel Hunt,brian31@lopez.com,3768719091,7,2024-08-04 12:47:02
162,Julie Williams,francisco84@williamson.info,(949)249-0104x88124,15,2024-07-19 19:26:14
163,Steven Anderson,tmoore@yahoo.com,236.352.5986x9957,10,2025-01-07 14:34:03
164,Michele Mendez,david09@yahoo.com,001-760-950-8472x93783,7,2024-08-18 03:49:35
165,Misty Miller,juliestein@mills.com,918-941-4921,6,2025-01-11 13:45:22
166,Jeremy Thompson,zweeks@hotmail.com,066.984.0862x1820,4,2024-12-11 10:55:44
167,Devin Sutton,umcguire@berger-robinson.com,961-394-0420,3,2024-12-20 11:04:33
168,Roger White,mcphersonrebecca@hotmail.com,(594)466-9221x84250,9,2024-08-07 02:21:35
169,Jeanette Logan,smithjennifer@reed.com,+1-975-726-2661x4038,8,2025-05-24 14:13:13
170,Michael Mendez,brandonwhite@perry.com,001-076-381-2776x860,2,2025-01-15 14:25:43
171,Stacey Odonnell,denise73@anderson.com,001-349-698-8107x4847,13,2024-09-06 07:17:46
172,Alan Brewer,jeremy52@walker.com,+1-907-847-1585x8806,1,2025-02-12 23:56:28
173,Terry Stokes,dana57@nelson.com,001-056-791-9110,14,2024-11-29 22:46:54
174,Paige Benton,costamarie@freeman-hanson.com,(802)802-8107,2,2024-06-15 23:00:14
175,Brandon Hayes,zscott@hotmail.com,001-369-267-9676x6060,3,2024-06-29 06:02:53
176,Glenda Barnes,robert30@jones.com,(268)049-0133x7071,11,2025-02-15 08:40:16
177,Kathleen Baker,fosterrachel@smith-cole.info,001-601-031-2681,3,2024-07-02 04:03:23
178,Patricia Smith,alexandrasoto@ferrell.info,906-730-5907x365,13,2024-08-26 04:43:01
179,Heather Allen,michele83@hotmail.com,(910)586-7473x01929,11,2025-06-04 12:27:34
180,Victor Smith,melissaparker@gmail.com,790-314-7012,7,2024-06-20 00:33:57
181,Angela Griffin,rebekah08@yahoo.com,+1-633-409-8579x518,10,2025-02-22 13:05:27
182,Derek Johnson,lucasayala@yahoo.com,(420)219-3448,2,2024-12-31 15:00:38
183,Sarah Williams,austin27@gmail.com,001-480-802-5887x078,7,2024-07-13 05:14:15
184,Danielle Hernandez,alan80@robinson.net,001-432-254-7961x662,7,2024-12-21 02:52:41
185,John Gordon,campbelldaniel@yahoo.com,981-318-1640x24736,10,2024-10-26 05:37:25
186,David Clark,michaelnelson@yahoo.com,(359)435-1692,8,2025-05-10 19:56:49
187,Alicia Padilla,sanchezstephanie@hoover.com,667-892-6374x59143,9,2025-03-26 08:40:17
188,Michaela Solis,justin10@villanueva.info,001-714-265-4467x784,5,2025-02-12 03:26:44
189,Daniel Brown,ehamilton@yahoo.com,+1-979-689-9808,9,2025-04-24 20:37:49
190,David Jackson,pshepherd@gmail.com,(573)189-4340x6270,14,2024-07-30 22:28:42
191,Charles Smith,stephanieturner@hotmail.com,(922)128-9897x0882,1,2024-11-02 23:25:05
192,Erik Baker,fieldscody@gray.com,905-877-2323x5303,11,2024-11-22 16:00:56
193,Shawn Rich,gwells@turner.com,240.309.5279,12,2025-01-09 10:27:45
194,Christopher Singh,aliciasmith@hotmail.com,512-473-1962,2,2025-02-04 02:47:30
195,Karen Mendoza,steven39@gmail.com,001-193-546-2620x590,11,2025-02-03 05:42:17
196,Sabrina Mejia,amanda14@yahoo.com,128-741-7021x023,15,2025-01-12 06:10:16
197,Andrew Chambers,michaelbeltran@blake-marquez.com,(517)947-1123,9,2025-03-16 15:01:59
198,Derrick Harding,fball@yahoo.com,4847457479,13,2025-01-24 19:55:03
199,John Leonard,jamiecollins@yahoo.com,9932374238,5,2025-04-08 19:57:57
200,Brenda Walters,stephenday@yahoo.com,(485)003-4173x22504,13,2024-08-09 16:49:50
201,Sharon Smith,jefferygarza@gmail.com,+1-392-808-5616,11,2024-09-12 08:41:47
202,Scott Kim,farleyrobert@silva-ryan.com,610-918-9365x90414,6,2025-01-23 20:55:07
203,Zachary Williams,emckinney@gmail.com,(003)709-6059x3081,2,2024-10-10 08:01:38
204,Bradley Smith,iberry@yahoo.com,(817)061-1459x4830,5,2025-01-13 09:31:41
205,Alan Hayes,veronica13@hotmail.com,600-323-2016x556,7,2025-04-10 23:45:44
206,Michelle Jones,brownnicholas@gmail.com,(050)867-3746x72365,3,2025-01-14 15:49:57
207,Christina Holt,melissa83@yahoo.com,489-064-4262,8,2024-10-06 03:09:46
208,Alan Williams,jennifer81@yahoo.com,+1-053-265-2562x2754,1,2024-08-20 03:38:26
209,Patricia Fernandez,cooperross@gmail.com,(040)958-6608x125,12,2025-05-09 12:02:33
210,Jeremy Harris,gloriaharvey@newton-grant.com,001-505-045-6651x77731,15,2025-06-07 00:20:51
211,Madison Barry,william86@yahoo.com,+1-945-470-2207x510,12,2024-10-15 03:38:26
212,Joshua Stephens,dsmith@shaw-hurst.com,(301)462-2461,5,2025-01-14 07:52:08
213,Aaron Estrada,gillespiecindy@hotmail.com,(470)485-2078,9,2025-03-28 11:52:23
214,Richard Warren,qsmith@yahoo.com,+1-682-648-9641x331,13,2025-03-31 02:43:00
215,Devin Mccall,jim61@hotmail.com,+1-855-762-0369,3,2024-09-14 00:37:14
216,Jacqueline Dean,edwardsrichard@christian.biz,001-441-686-3243x85720,9,2024-12-24 07:53:40
217,Michael Brewer,paige08@johnson.net,001-883-872-4390x214,15,2024-11-20 02:49:06
218,Scott Parker,deanna56@gmail.com,802.587.5549,2,2024-09-21 18:50:45
219,Shirley Johnson,okramer@wong.com,717-504-9308,14,2025-01-15 21:52:28
220,Leslie King,cwest@yahoo.com,+1-989-826-9475x457,11,2024-10-15 11:17:24
221,Patrick Bond,laurenbailey@hotmail.com,048-551-1041x568,5,2025-06-04 02:47:15
222,Anthony Prince,hansonmichael@fox.com,+1-344-166-8191x11662,14,2024-12-21 04:14:57
223,Sherri Collins,phillipsjerry@gmail.com,495.131.3581x4083,11,2024-06-22 12:27:41
224,Fred Mcintosh,christophercobb@jones.com,+1-775-617-4585x255,9,2025-05-17 05:00:11
225,Luis Washington,daniel91@gmail.com,176-985-6288,10,2024-09-16 00:14:10
226,Christopher Thomas,jeffreycrosby@yahoo.com,001-272-265-2304x1045,4,2024-07-29 03:21:08
227,Isaac Jackson,tonyarose@yahoo.com,001-136-086-7634x38020,3,2025-03-12 22:43:34
228,Johnny Diaz,alecmedina@yahoo.com,(043)117-9990x939,6,2025-06-02 09:25:52
229,Ronald Carlson,copelandashley@yahoo.com,+1-601-961-1746x400,13,2024-09-13 23:28:22
230,Elizabeth Jones,philip70@hotmail.com,410-837-0316x19259,3,2025-02-11 05:04:51
231,Brad Sullivan,amy05@hotmail.com,+1-542-348-9566,9,2025-01-20 11:45:14
232,Joanne Benson,ashleyboyd@yahoo.com,730.670.6789x4113,13,2024-08-04 22:26:56
233,Michael Harrington,levi81@yahoo.com,700-228-2922x255,15,2024-11-03 13:49:45
234,Nicole Collins,pbuchanan@hotmail.com,885-164-6053,9,2025-04-04 21:57:01
235,April Baker,amberwallace@brown-black.com,444.692.2185,15,2025-02-22 08:07:43
236,Robin Daniels,vjones@jackson-jimenez.com,0507627062,1,2024-10-18 03:46:59
237,Tiffany Ryan,cmartin@yahoo.com,547.936.0196,10,2024-08-13 12:17:24
238,Dr. David Hernandez,jacqueline64@palmer.net,308.685.7555,6,2025-04-20 20:57:36
239,Pamela Greer,ramirezmark@yahoo.com,(620)708-1827,8,2024-10-27 20:42:27
240,Donald Brown,boydashley@ramirez-thompson.com,770.386.0366x70615,1,2025-05-25 00:49:59
241,Jonathan Rodriguez,nancygriffin@cole.com,181.666.5829,2,2025-01-20 16:19:41
242,Austin Smith,pmaldonado@middleton.org,+1-494-714-0003x48537,15,2025-04-07 01:38:37
243,Jamie Cruz,grahamjo@moreno-montgomery.info,726.553.0411x838,6,2024-09-30 18:10:57
244,Joshua Stephens,johnathancarroll@long.org,273-289-4617,15,2024-09-12 20:12:51
245,Albert Grant,millerkaren@baker.info,2074068148,14,2024-12-28 16:51:43
246,Timothy Lopez,zwilson@young.com,(734)048-4917x664,13,2025-01-25 12:56:21
247,Denise West,jamesleblanc@valdez.com,115.994.9164x2224,5,2024-10-31 09:41:08
248,Andrew Moyer,yroberts@gmail.com,(065)438-1800,4,2025-04-19 17:37:10
249,Jennifer Chambers,mary22@jones-taylor.com,+1-805-474-3337x0132,1,2024-12-23 00:34:23
250,Jillian Leach,justinbrooks@hotmail.com,+1-426-399-6979x7395,4,2025-05-02 07:03:20
